{"cameraMode":{"drawMode":0,"name":"Shaded","section":"Shading Mode"},"sceneLighting":true,"audioPlay":false,"sceneViewState":{"m_AlwaysRefresh":false,"showFog":true,"showSkybox":true,"showFlares":true,"showImageEffects":true,"showParticleSystems":true,"showVisualEffectGraphs":true,"m_FxEnabled":true},"in2DMode":false,"pivot":{"x":-9.141520500183106,"y":1.5728051662445069,"z":-15.344799041748047},"rotation":{"x":-0.1917124092578888,"y":0.0009451999212615192,"z":-0.0020393608137965204,"w":-0.9828299283981323},"size":0.10536062717437744,"orthographic":false}