{"cameraMode":{"drawMode":0,"name":"Shaded","section":"Shading Mode"},"sceneLighting":true,"audioPlay":false,"sceneViewState":{"m_AlwaysRefresh":false,"showFog":true,"showSkybox":true,"showFlares":true,"showImageEffects":true,"showParticleSystems":true,"showVisualEffectGraphs":true,"m_FxEnabled":true},"in2DMode":false,"pivot":{"x":-27.047868728637697,"y":-1.2738473415374756,"z":-19.713411331176759},"rotation":{"x":0.052455656230449679,"y":-0.7546208500862122,"z":0.05545036494731903,"w":0.6534148454666138},"size":9.02365493774414,"orthographic":false}