{"cameraMode":{"drawMode":0,"name":"Shaded","section":"Shading Mode"},"sceneLighting":true,"audioPlay":false,"sceneViewState":{"m_AlwaysRefresh":false,"showFog":true,"showSkybox":true,"showFlares":true,"showImageEffects":true,"showParticleSystems":true,"showVisualEffectGraphs":true,"m_FxEnabled":true},"in2DMode":false,"pivot":{"x":-3.572662353515625,"y":0.856988251209259,"z":-15.084148406982422},"rotation":{"x":-0.15012109279632569,"y":0.03680146858096123,"z":-0.004649588372558355,"w":-0.9888343811035156},"size":1.3201920986175538,"orthographic":false}