{"cameraMode":{"drawMode":0,"name":"Shaded","section":"Shading Mode"},"sceneLighting":true,"audioPlay":false,"sceneViewState":{"m_AlwaysRefresh":false,"showFog":true,"showSkybox":true,"showFlares":true,"showImageEffects":true,"showParticleSystems":true,"showVisualEffectGraphs":true,"m_FxEnabled":true},"in2DMode":false,"pivot":{"x":-5.954087734222412,"y":3.0953316688537599,"z":-12.219995498657227},"rotation":{"x":0.0022109856363385917,"y":0.9974294304847717,"z":-0.06415357440710068,"w":0.042590994387865069},"size":12.165165901184082,"orthographic":false}