{"cameraMode":{"drawMode":0,"name":"Shaded","section":"Shading Mode"},"sceneLighting":true,"audioPlay":false,"sceneViewState":{"m_AlwaysRefresh":false,"showFog":true,"showSkybox":true,"showFlares":true,"showImageEffects":true,"showParticleSystems":true,"showVisualEffectGraphs":true,"m_FxEnabled":true},"in2DMode":false,"pivot":{"x":-11.029772758483887,"y":1.7915242910385132,"z":-12.318864822387696},"rotation":{"x":-0.02091374807059765,"y":0.9581907987594605,"z":-0.06824223697185517,"w":-0.2780376672744751},"size":0.6328046917915344,"orthographic":false}