{"cameraMode":{"drawMode":0,"name":"Shaded","section":"Shading Mode"},"sceneLighting":true,"audioPlay":false,"sceneViewState":{"m_AlwaysRefresh":false,"showFog":true,"showSkybox":true,"showFlares":true,"showImageEffects":true,"showParticleSystems":true,"showVisualEffectGraphs":true,"m_FxEnabled":true},"in2DMode":false,"pivot":{"x":-9.611029624938965,"y":1.6686129570007325,"z":-17.99678611755371},"rotation":{"x":0.11687058955430985,"y":-0.012688284739851952,"z":0.0004373964620754123,"w":0.9939383268356323},"size":0.24300651252269746,"orthographic":false}