{"cameraMode":{"drawMode":0,"name":"Shaded","section":"Shading Mode"},"sceneLighting":true,"audioPlay":false,"sceneViewState":{"m_AlwaysRefresh":false,"showFog":true,"showSkybox":true,"showFlares":true,"showImageEffects":true,"showParticleSystems":true,"showVisualEffectGraphs":true,"m_FxEnabled":true},"in2DMode":false,"pivot":{"x":17.23549461364746,"y":8.782225608825684,"z":-28.073877334594728},"rotation":{"x":-0.005084776319563389,"y":-0.9725116491317749,"z":0.23243661224842072,"w":-0.020629853010177614},"size":0.8660253882408142,"orthographic":false}