{"cameraMode":{"drawMode":0,"name":"Shaded","section":"Shading Mode"},"sceneLighting":true,"audioPlay":false,"sceneViewState":{"m_AlwaysRefresh":false,"showFog":true,"showSkybox":true,"showFlares":true,"showImageEffects":true,"showParticleSystems":true,"showVisualEffectGraphs":true,"m_FxEnabled":true},"in2DMode":false,"pivot":{"x":19.120737075805665,"y":-0.5006369948387146,"z":-32.535980224609378},"rotation":{"x":-0.10603097826242447,"y":0.7456195950508118,"z":-0.12235720455646515,"w":-0.6465282440185547},"size":0.9078897833824158,"orthographic":false}